{
  "variant": "sl_integer_basis",
  "sl_conductance_family": "u_exp_valley",
  "data_path": "/home/alex/datasets/criteo_kaggle_challenge/train.txt",
  "split_rows": 400000,
  "train_range": [
    0,
    400000
  ],
  "val_range": [
    400000,
    800000
  ],
  "test_range": [
    800000,
    1200000
  ],
  "target_trials": 9,
  "completed_trials": 9,
  "max_new_trials_this_invocation": 0,
  "num_epochs": 1,
  "batch_size": 256,
  "embedding_dim": 8,
  "sl_num_basis": 10,
  "sl_cap_max": 10000000,
  "search_space": {
    "lr": [
      0.0001,
      0.01
    ],
    "weight_decay": [
      1e-08,
      0.01
    ],
    "sl_u0": [
      0.0,
      1.0
    ],
    "sl_left_slope": [
      0.1,
      20.0
    ],
    "sl_right_slope": [
      0.1,
      20.0
    ]
  },
  "study_name": "sl_optuna_u_exp_valley_narrow_400k_30t",
  "storage_url": "sqlite:///journal/2026-02-11_sl_optuna_u_exp_valley_narrow_400k_30t/study.sqlite3",
  "best_trial": 6,
  "best_params": {
    "lr": 0.0016409286730647919,
    "weight_decay": 1.0547383621352015e-07,
    "sl_u0": 0.19561238231646708,
    "sl_left_slope": 2.612197333954733,
    "sl_right_slope": 2.733388665640456
  },
  "best_trial_val_logloss": 0.4725625080548662,
  "hpo_seconds_this_invocation": 6.479967851191759e-07,
  "final_retrain_best_epoch": 1,
  "final_val_logloss": 0.4725625080548662,
  "final_test_logloss": 0.46743331439775554,
  "final_val_auc": 0.7765527099022312,
  "final_test_auc": 0.7757834954898961,
  "final_preprocess_seconds": 32.58133988597547,
  "final_train_seconds": 68.0181925589859,
  "trials_detail": [
    {
      "number": 0,
      "value": 0.49689330908794516,
      "state": "1",
      "params": {
        "lr": 0.0005611516415334506,
        "weight_decay": 0.005061576888752304,
        "sl_u0": 0.3556785460347372,
        "sl_left_slope": 1.0118287286592738,
        "sl_right_slope": 0.3051561696410235
      },
      "user_attrs": {
        "best_epoch": 1.0,
        "preprocess_seconds": 28.478932,
        "train_seconds": 69.466035,
        "val_auc": 0.7440750376453686,
        "val_logloss": 0.49689330908794516
      }
    },
    {
      "number": 1,
      "value": 0.47712731903768957,
      "state": "1",
      "params": {
        "lr": 0.00020511104188433984,
        "weight_decay": 2.2310108018679158e-08,
        "sl_u0": 0.38788227498598443,
        "sl_left_slope": 1.0185822566867644,
        "sl_right_slope": 1.3607801490147409
      },
      "user_attrs": {
        "best_epoch": 1.0,
        "preprocess_seconds": 27.067339,
        "train_seconds": 66.86211,
        "val_auc": 0.7700112989793085,
        "val_logloss": 0.47712731903768957
      }
    },
    {
      "number": 2,
      "value": 0.5054655400917037,
      "state": "1",
      "params": {
        "lr": 0.00010994335574766199,
        "weight_decay": 0.006598711072054081,
        "sl_u0": 0.3797862337921012,
        "sl_left_slope": 0.35543498097189247,
        "sl_right_slope": 0.3272447970178924
      },
      "user_attrs": {
        "best_epoch": 1.0,
        "preprocess_seconds": 26.635934,
        "train_seconds": 67.677225,
        "val_auc": 0.7319683634076528,
        "val_logloss": 0.5054655400917037
      }
    },
    {
      "number": 3,
      "value": 0.47640895515909315,
      "state": "1",
      "params": {
        "lr": 0.00023270677083837802,
        "weight_decay": 6.690421166498788e-07,
        "sl_u0": 0.3059415435917371,
        "sl_left_slope": 0.6442237870408892,
        "sl_right_slope": 0.4400905486948214
      },
      "user_attrs": {
        "best_epoch": 1.0,
        "preprocess_seconds": 27.001019,
        "train_seconds": 66.853838,
        "val_auc": 0.7709591227372735,
        "val_logloss": 0.47640895515909315
      }
    },
    {
      "number": 4,
      "value": 0.472573492182496,
      "state": "1",
      "params": {
        "lr": 0.0016738085788752138,
        "weight_decay": 6.870101665590006e-08,
        "sl_u0": 0.25011471564845233,
        "sl_left_slope": 0.5393925667147035,
        "sl_right_slope": 0.6877172495876589
      },
      "user_attrs": {
        "best_epoch": 1.0,
        "preprocess_seconds": 27.095781,
        "train_seconds": 66.64191,
        "val_auc": 0.7766445396808762,
        "val_logloss": 0.472573492182496
      }
    },
    {
      "number": 5,
      "value": 0.4771815224498914,
      "state": "1",
      "params": {
        "lr": 0.0037183641805732083,
        "weight_decay": 1.577766363058244e-07,
        "sl_u0": 0.3034162652192668,
        "sl_left_slope": 0.9948637159577054,
        "sl_right_slope": 0.22680881003614692
      },
      "user_attrs": {
        "best_epoch": 1.0,
        "preprocess_seconds": 27.344647,
        "train_seconds": 66.688569,
        "val_auc": 0.7726752653229482,
        "val_logloss": 0.4771815224498914
      }
    },
    {
      "number": 6,
      "value": 0.4725625080548662,
      "state": "1",
      "params": {
        "lr": 0.0016409286730647919,
        "weight_decay": 1.0547383621352015e-07,
        "sl_u0": 0.19561238231646708,
        "sl_left_slope": 2.612197333954733,
        "sl_right_slope": 2.733388665640456
      },
      "user_attrs": {
        "best_epoch": 1.0,
        "preprocess_seconds": 27.54851,
        "train_seconds": 67.630127,
        "val_auc": 0.7765527099022312,
        "val_logloss": 0.4725625080548662
      }
    },
    {
      "number": 7,
      "value": 0.47912931958292376,
      "state": "1",
      "params": {
        "lr": 0.004138040112561018,
        "weight_decay": 6.724850206557239e-07,
        "sl_u0": 0.20344130736153213,
        "sl_left_slope": 1.2757056450498117,
        "sl_right_slope": 0.6587027797781974
      },
      "user_attrs": {
        "best_epoch": 1.0,
        "preprocess_seconds": 26.583266,
        "train_seconds": 67.432579,
        "val_auc": 0.7714438318053287,
        "val_logloss": 0.47912931958292376
      }
    },
    {
      "number": 8,
      "value": 0.477969182759461,
      "state": "1",
      "params": {
        "lr": 0.00017541893487450815,
        "weight_decay": 9.355380606452179e-06,
        "sl_u0": 0.1882532450676524,
        "sl_left_slope": 2.346787531982524,
        "sl_right_slope": 0.40306851010595396
      },
      "user_attrs": {
        "best_epoch": 1.0,
        "preprocess_seconds": 27.598551,
        "train_seconds": 66.792658,
        "val_auc": 0.7686011179271744,
        "val_logloss": 0.477969182759461
      }
    },
    {
      "number": 9,
      "value": null,
      "state": "0",
      "params": {
        "lr": 0.0021137059440645744,
        "weight_decay": 7.417652034871823e-07,
        "sl_u0": 0.3048163250826746,
        "sl_left_slope": 0.8790451384972605,
        "sl_right_slope": 0.3299405583450013
      },
      "user_attrs": {}
    }
  ]
}