{
  "variant": "sl_integer_basis",
  "sl_conductance_family": "u_exp_valley",
  "data_path": "/home/alex/datasets/criteo_kaggle_challenge/train.txt",
  "split_rows": 400000,
  "train_range": [
    0,
    400000
  ],
  "val_range": [
    400000,
    800000
  ],
  "test_range": [
    800000,
    1200000
  ],
  "target_trials": 25,
  "completed_trials": 25,
  "max_new_trials_this_invocation": 0,
  "num_epochs": 1,
  "batch_size": 256,
  "embedding_dim": 8,
  "sl_num_basis": 10,
  "sl_cap_max": 10000000,
  "search_space": {
    "lr": [
      0.0001,
      0.01
    ],
    "weight_decay": [
      1e-08,
      0.01
    ],
    "sl_u0": [
      0.0,
      1.0
    ],
    "sl_left_slope": [
      0.1,
      20.0
    ],
    "sl_right_slope": [
      0.1,
      20.0
    ]
  },
  "study_name": "sl_optuna_u_exp_valley_400k_60t",
  "storage_url": "sqlite:///journal/2026-02-10_sl_optuna_u_exp_valley_400k_60t/study.sqlite3",
  "best_trial": 4,
  "best_params": {
    "lr": 0.0016738085788752138,
    "weight_decay": 6.870101665590006e-08,
    "sl_u0": 0.29214464853521815,
    "sl_left_slope": 0.6966418981413739,
    "sl_right_slope": 1.120548642504815
  },
  "best_trial_val_logloss": 0.4720136818700594,
  "hpo_seconds_this_invocation": 1691.2997555390175,
  "final_retrain_best_epoch": 1,
  "final_val_logloss": 0.4720136818700594,
  "final_test_logloss": 0.46676543009340093,
  "final_val_auc": 0.7772424189378027,
  "final_test_auc": 0.7766583401310856,
  "final_preprocess_seconds": 32.175031445978675,
  "final_train_seconds": 67.34382088697748,
  "trials_detail": [
    {
      "number": 0,
      "value": 0.5013175480464122,
      "state": "1",
      "params": {
        "lr": 0.0005611516415334506,
        "weight_decay": 0.005061576888752304,
        "sl_u0": 0.7319939418114051,
        "sl_left_slope": 2.385234757844707,
        "sl_right_slope": 0.22856175997064762
      },
      "user_attrs": {
        "best_epoch": 1.0,
        "preprocess_seconds": 26.683351,
        "train_seconds": 69.267028,
        "val_auc": 0.7380492380789965,
        "val_logloss": 0.5013175480464122
      }
    },
    {
      "number": 1,
      "value": 0.47890263332274596,
      "state": "1",
      "params": {
        "lr": 0.00020511104188433984,
        "weight_decay": 2.2310108018679158e-08,
        "sl_u0": 0.8661761457749352,
        "sl_left_slope": 2.416482602989751,
        "sl_right_slope": 4.258888210290081
      },
      "user_attrs": {
        "best_epoch": 1.0,
        "preprocess_seconds": 27.341569,
        "train_seconds": 68.28226,
        "val_auc": 0.7674589610176275,
        "val_logloss": 0.47890263332274596
      }
    },
    {
      "number": 2,
      "value": 0.5064348805478458,
      "state": "1",
      "params": {
        "lr": 0.00010994335574766199,
        "weight_decay": 0.006598711072054081,
        "sl_u0": 0.8324426408004217,
        "sl_left_slope": 0.30803400529839686,
        "sl_right_slope": 0.2620503255096255
      },
      "user_attrs": {
        "best_epoch": 1.0,
        "preprocess_seconds": 26.931036,
        "train_seconds": 68.220239,
        "val_auc": 0.731319538290698,
        "val_logloss": 0.5064348805478458
      }
    },
    {
      "number": 3,
      "value": 0.47738999071719407,
      "state": "1",
      "params": {
        "lr": 0.00023270677083837802,
        "weight_decay": 6.690421166498788e-07,
        "sl_u0": 0.5247564316322378,
        "sl_left_slope": 0.9860942908083906,
        "sl_right_slope": 0.4678719265016201
      },
      "user_attrs": {
        "best_epoch": 1.0,
        "preprocess_seconds": 26.944659,
        "train_seconds": 67.846303,
        "val_auc": 0.7697683862352609,
        "val_logloss": 0.47738999071719407
      }
    },
    {
      "number": 4,
      "value": 0.4720136818700594,
      "state": "1",
      "params": {
        "lr": 0.0016738085788752138,
        "weight_decay": 6.870101665590006e-08,
        "sl_u0": 0.29214464853521815,
        "sl_left_slope": 0.6966418981413739,
        "sl_right_slope": 1.120548642504815
      },
      "user_attrs": {
        "best_epoch": 1.0,
        "preprocess_seconds": 27.470858,
        "train_seconds": 67.686583,
        "val_auc": 0.7772424189378027,
        "val_logloss": 0.4720136818700594
      }
    },
    {
      "number": 5,
      "value": 0.4814469742478371,
      "state": "1",
      "params": {
        "lr": 0.0037183641805732083,
        "weight_decay": 1.577766363058244e-07,
        "sl_u0": 0.5142344384136116,
        "sl_left_slope": 2.3076168040117313,
        "sl_right_slope": 0.12790390175145838
      },
      "user_attrs": {
        "best_epoch": 1.0,
        "preprocess_seconds": 26.456714,
        "train_seconds": 68.47485,
        "val_auc": 0.7681161156420582,
        "val_logloss": 0.4814469742478371
      }
    },
    {
      "number": 6,
      "value": 0.4730820151234709,
      "state": "1",
      "params": {
        "lr": 0.0016409286730647919,
        "weight_decay": 1.0547383621352015e-07,
        "sl_u0": 0.06505159298527952,
        "sl_left_slope": 15.255065745117381,
        "sl_right_slope": 16.670486450654682
      },
      "user_attrs": {
        "best_epoch": 1.0,
        "preprocess_seconds": 28.028413,
        "train_seconds": 68.251377,
        "val_auc": 0.7762797848762424,
        "val_logloss": 0.4730820151234709
      }
    },
    {
      "number": 7,
      "value": 0.47864626352128015,
      "state": "1",
      "params": {
        "lr": 0.004138040112561018,
        "weight_decay": 6.724850206557239e-07,
        "sl_u0": 0.09767211400638387,
        "sl_left_slope": 3.753537145233125,
        "sl_right_slope": 1.0299214204601976
      },
      "user_attrs": {
        "best_epoch": 1.0,
        "preprocess_seconds": 28.340336,
        "train_seconds": 67.657458,
        "val_auc": 0.7715158867784131,
        "val_logloss": 0.47864626352128015
      }
    },
    {
      "number": 8,
      "value": 0.47832143289023255,
      "state": "1",
      "params": {
        "lr": 0.00017541893487450815,
        "weight_decay": 9.355380606452179e-06,
        "sl_u0": 0.034388521115218396,
        "sl_left_slope": 12.370108840299013,
        "sl_right_slope": 0.3939675937754722
      },
      "user_attrs": {
        "best_epoch": 1.0,
        "preprocess_seconds": 27.726391,
        "train_seconds": 67.5253,
        "val_auc": 0.7683610683778215,
        "val_logloss": 0.47832143289023255
      }
    },
    {
      "number": 9,
      "value": null,
      "state": "0",
      "params": {
        "lr": 0.0021137059440645744,
        "weight_decay": 7.417652034871823e-07,
        "sl_u0": 0.5200680211778108,
        "sl_left_slope": 1.811326544803338,
        "sl_right_slope": 0.2662904839829044
      },
      "user_attrs": {}
    },
    {
      "number": 10,
      "value": 0.5013175480464122,
      "state": "1",
      "params": {
        "lr": 0.0005611516415334506,
        "weight_decay": 0.005061576888752304,
        "sl_u0": 0.7319939418114051,
        "sl_left_slope": 2.385234757844707,
        "sl_right_slope": 0.22856175997064762
      },
      "user_attrs": {
        "best_epoch": 1.0,
        "preprocess_seconds": 26.421028,
        "train_seconds": 68.298183,
        "val_auc": 0.7380492380789965,
        "val_logloss": 0.5013175480464122
      }
    },
    {
      "number": 11,
      "value": 0.4902589883746054,
      "state": "1",
      "params": {
        "lr": 0.008154094133121435,
        "weight_decay": 7.293169423146497e-05,
        "sl_u0": 0.30769421145026227,
        "sl_left_slope": 0.10998433026335937,
        "sl_right_slope": 2.9707276884724814
      },
      "user_attrs": {
        "best_epoch": 1.0,
        "preprocess_seconds": 27.351303,
        "train_seconds": 67.90727,
        "val_auc": 0.7581548570014613,
        "val_logloss": 0.4902589883746054
      }
    },
    {
      "number": 12,
      "value": 0.4730450066281983,
      "state": "1",
      "params": {
        "lr": 0.0015984633369224026,