{
  "variant": "bspline_integer_basis",
  "data_path": "/home/alex/datasets/criteo_kaggle_challenge/train.txt",
  "split_rows": 400000,
  "train_range": [
    0,
    400000
  ],
  "val_range": [
    400000,
    800000
  ],
  "test_range": [
    800000,
    1200000
  ],
  "num_epochs": 1,
  "batch_size": 256,
  "embedding_dim": 8,
  "sl_num_basis": 10,
  "bspline_knots": 10,
  "seed": 42,
  "lr": 0.001961117089253444,
  "weight_decay": 6.748165404097594e-07,
  "best_epoch": 1,
  "preprocess_seconds": 20.03558979893569,
  "train_seconds": 190.6054267929867,
  "val": {
    "logloss": 0.47180640675774904,
    "auc": 0.777292285666926
  },
  "test": {
    "logloss": 0.46680837257297464,
    "auc": 0.7763222778769037
  },
  "interaction_matrix_path": "journal/2026-02-10_criteo_optuna_contiguous_400k_100t/bspline_refit_best_trial37_interaction_matrix.npz"
}